ISBN,Title,価格,発行月,カートに追加
978-4-87311-833-8,バイオビルダー,"2,074",2018/11,
978-4-87311-860-4,エレガントなSciPy,"2,938",2018/11,
978-4-87311-846-8,Go言語による並行処理,"2,419",2018/10,
978-4-87311-857-4,RとKerasによるディープラーニング,"3,456",2018/10,
978-4-87311-848-2,エンジニアのためのマネジメントキャリアパス,"2,246",2018/09,
978-4-87311-851-2,問題解決のPythonプログラミング,"2,419",2018/09,
978-4-87311-850-5,Unityによるモバイルゲーム開発,"2,592",2018/08,
978-4-87311-856-7,進化的アーキテクチャ ,"2,419",2018/08,
978-4-87311-826-0,直感 Deep Learning,"2,938",2018/08,
978-4-87311-852-9,ハンダづけをはじめよう,"1,210",2018/08,
978-4-87311-855-0,プログラミングRust,"4,147",2018/08,
978-4-87311-849-9,Kafka,"3,110",2018/08,
978-4-87311-847-5,作って動かすALife,"2,246",2018/07,
978-4-87311-845-1,Pythonによるデータ分析入門 第2版,"3,283",2018/07,
978-4-87311-842-0,生き物としての力を取り戻す50の自然体験,"1,901",2018/07,
978-4-87311-836-9,ゼロから作るDeep Learning ❷,"3,110",2018/07,
978-4-87311-843-7,コンピュータサイエンス探偵の事件簿,"2,160",2018/06,
978-4-87311-822-2,Go言語でつくるインタプリタ,"2,938",2018/06,
978-4-87311-844-4,実践 パケット解析 第3版,"2,765",2018/06,
978-4-87311-841-3,Pythonデータサイエンスハンドブック,"3,629",2018/05,
978-4-87311-837-6,詳解 OpenCV 3,"5,875",2018/05,
978-4-87311-838-3,実践 CSIRTプレイブック,"2,765",2018/05,
978-4-87311-830-7,Rによるテキストマイニング,"2,592",2018/05,
978-4-87311-832-1,実践 Deep Learning,"3,110",2018/04,
978-4-87311-834-5,scikit-learnとTensorFlowによる実践機械学習,"3,888",2018/04,
978-4-87311-835-2,Effective DevOps,"3,110",2018/03,
978-4-87311-829-1,Head First Python 第2版,"3,283",2018/03,
978-4-87311-840-6,入門 Kubernetes,"2,419",2018/03,
978-4-87311-831-4,Raspberry Piをはじめよう 第3版,"1,728",2018/03,
978-4-87311-828-4,データサイエンスのための統計学入門,"2,592",2018/02,
978-4-87311-827-7,エレクトロニクスをはじめよう,"1,728",2018/02,
978-4-87311-800-0,マッピングエクスペリエンス,"3,110",2018/01,
978-4-87311-824-6,初めてのPerl 第7版,"3,110",2018/01,
978-4-87311-823-9,カーハッカーズ・ハンドブック,"2,765",2017/12,
978-4-87311-820-8,ベタープログラマ,"2,592",2017/12,
978-4-87311-809-3,プログラミングROS,"3,283",2017/12,
978-4-87311-813-0,micro:bitではじめるプログラミング,"1,728",2017/11,
978-4-87311-818-5,入門 PySpark,"2,938",2017/11,
978-4-87311-814-7,Rではじめるデータサイエンス,"3,456",2017/10,
978-4-87311-821-5,仕事ではじめる機械学習（Ebook）,"2,052",2017/10,
978-4-87311-819-2,Sphinxをはじめよう 第2版,"1,944",2017/10,
978-4-87311-817-8,Fluent Python,"5,011",2017/10,
978-4-87311-816-1,初めての自動テスト,"2,419",2017/09,
978-4-87311-815-4,プロダクションレディマイクロサービス,"2,246",2017/09,
978-4-87311-810-9,UnityによるARゲーム開発,"2,765",2017/09,
978-4-87311-808-6,PythonとJavaScriptではじめるデータビジュアライゼーション,"3,283",2017/08,
978-4-87311-811-6,Raspberry Piクックブック 第2版,"3,110",2017/08,
978-4-87311-812-3,私たちはみなメイカーだ,"2,074",2017/08,
978-4-87311-791-1,SRE サイトリライアビリティエンジニアリング,"4,147",2017/08,
978-4-87311-807-9,アイソモーフィックJavaScript,"2,419",2017/07,
978-4-87311-805-5,Lean UX 第2版,"2,160",2017/07,
978-4-87311-799-7,Effective Debugging,"2,765",2017/06,
978-4-87311-806-2,サーバーレスシングルページアプリケーション,"2,246",2017/06,
978-4-87311-804-8,Real World HTTP,"2,938",2017/06,
978-4-87311-778-2,退屈なことはPythonにやらせよう,"3,197",2017/06,
978-4-87311-803-1,マイクロシェルター,"2,246",2017/05,
978-4-87311-798-0,Pythonではじめる機械学習,"2,938",2017/05,
978-4-87311-797-3,SVGエッセンシャルズ 第2版,"3,110",2017/05,
978-4-87311-802-4,エラスティックリーダーシップ,"2,419",2017/05,
978-4-87311-795-9,GitHubツールビルディング,"2,765",2017/05,
978-4-87311-794-2,Pythonではじめるデータラングリング,"3,197",2017/04,
978-4-87311-793-5,初めてのPHP,"2,592",2017/03,
978-4-87311-796-6,Infrastructure as Code,"3,110",2017/03,
978-4-87311-751-5,Make: Analog Synthesizers,"2,592",2017/03,
978-4-87311-788-1,Reactビギナーズガイド,"2,160",2017/03,
978-4-87311-792-8,Optimized C++,"3,456",2017/02,
978-4-87311-790-4,詳解 システム・パフォーマンス,"4,666",2017/02,
978-4-87311-786-7,ゼロからはじめるデータサイエンス,"2,765",2017/01,
978-4-87311-783-6,初めてのJavaScript 第3版,"2,765",2017/01,
978-4-87311-789-8,Prototyping Lab 第2版,"3,283",2017/01,
978-4-87311-785-0,アルゴリズムクイックリファレンス 第2版,"3,110",2016/12,
978-4-87311-787-4,Cooking for Geeks 第2版,"2,938",2016/12,
978-4-87311-784-3,実践 Appium,"2,074",2016/11,
978-4-87311-780-5,デザインスプリント,"2,592",2016/11,
978-4-87311-772-0,情報アーキテクチャ 第4版,"3,110",2016/11,
978-4-87311-781-2,Cクイックリファレンス 第2版,"3,974",2016/11,
978-4-87311-774-4,リーンエンタープライズ,"2,938",2016/10,
978-4-87311-777-5,行列プログラマー,"4,666",2016/10,
978-4-87311-758-4,ゼロから作るDeep Learning,"2,938",2016/09,
978-4-87311-779-9,デザインの伝え方,"2,419",2016/09,
978-4-87311-773-7,Processingをはじめよう 第2版,"1,728",2016/09,
978-4-87311-757-7,UnityによるVRアプリケーション開発,"2,592",2016/08,
978-4-87311-769-0,リーンブランディング,"2,592",2016/08,
978-4-87311-775-1,スケーラブルリアルタイムデータ分析入門,"3,283",2016/08,
978-4-87311-776-8,Docker,"3,110",2016/08,
978-4-87311-771-3,続・インタフェースデザインの心理学,"2,419",2016/08,
978-4-87311-770-6,初めてのThree.js 第2版,"3,456",2016/07,
978-4-87311-766-9,CSSシークレット,"2,938",2016/07,
978-4-87311-755-3,パフォーマンス向上のためのデザイン設計,"2,074",2016/06,
978-4-87311-700-3,データ分析によるネットワークセキュリティ,"3,110",2016/06,
978-4-87311-754-6,UX戦略,"2,592",2016/05,
978-4-87311-768-3,Pythonからはじめる数学入門,"2,419",2016/05,
978-4-87311-767-6,あなたの知らないところでソフトウェアは何をしているのか？,"2,246",2016/05,
978-4-87311-763-8,発酵の技法,"3,110",2016/04,
978-4-87311-765-2,初めてのAnsible,"2,765",2016/04,
978-4-87311-764-5,カンバン仕事術,"3,110",2016/03,
978-4-87311-753-9,Pythonチュートリアル 第3版,"1,555",2016/03,
978-4-87311-761-4,PythonによるWebスクレイピング,"2,592",2016/03,
978-4-87311-760-7,マイクロサービスアーキテクチャ,"2,938",2016/02,
978-4-87311-749-2,初めてのAndroid 第4版,"2,160",2016/02,
978-4-87311-759-1,Rパッケージ開発入門,"2,419",2016/02,
978-4-87311-756-0,Effective Python,"2,765",2016/01,
978-4-87311-750-8,Sparkによる実践データ解析,"2,938",2016/01,
978-4-87311-752-2,Go言語によるWebアプリケーション開発,"2,765",2016/01,
978-4-87311-747-8,物を作って生きるには,"1,901",2015/12,
978-4-87311-748-5,IPythonデータサイエンスクックブック,"3,283",2015/12,
978-4-87311-739-3,実践 Python 3,"2,938",2015/12,
978-4-87311-738-6,入門 Python 3,"3,197",2015/12,
978-4-87311-733-1,Arduinoをはじめよう 第3版,"1,728",2015/11,
978-4-87311-740-9,ハイパフォーマンスPython,"3,110",2015/11,
978-4-87311-731-7,サイバーセキュリティプログラミング,"2,592",2015/10,
978-4-87311-746-1,JavaScriptによるデータビジュアライゼーション入門,"3,110",2015/10,
978-4-87311-743-0,メタプログラミングRuby 第2版,"2,592",2015/10,
978-4-87311-736-2,Effective Modern C++,"3,283",2015/09,
978-4-87311-742-3,Seleniumデザインパターン & ベストプラクティス,"2,592",2015/09,
978-4-87311-741-6,コマンドラインではじめるデータサイエンス,"2,246",2015/09,
978-4-87311-730-0,実践 JUnit,"2,419",2015/09,
978-4-87311-729-4,ゲームサウンド制作ガイド,"2,592",2015/08,
978-4-87311-734-8,初めてのSpark,"2,765",2015/08,
978-4-87311-745-4,Caffeをはじめよう,"1,620",2015/08,
978-4-87311-735-5,Think Stats 第2版,"2,074",2015/08,
978-4-87311-744-7,Mithril,"1,620",2015/08,
978-4-87311-732-4,ユーザーストーリーマッピング,"2,592",2015/07,
978-4-87311-728-7,ヘルシープログラマ,"2,246",2015/07,
978-4-87311-725-6,CSS3開発者ガイド 第2版,"2,765",2015/07,
978-4-87311-727-0,Cython,"2,765",2015/06,
978-4-87311-717-1,詳説 イーサネット 第2版,"3,974",2015/06,
978-4-87311-722-5,トラクション,"1,901",2015/05,
978-4-87311-724-9,データ匿名化手法,"2,419",2015/05,
978-4-87311-702-7,Diameterプロトコルガイド,"3,370",2015/05,
978-4-87311-721-8,リーン顧客開発,"2,246",2015/04,
978-4-87311-678-5,詳解 WordPress,"2,246",2015/04,
978-4-87311-718-8,Javaパフォーマンス,"3,370",2015/04,
978-4-87311-719-5,入門 React,"2,246",2015/04,
978-4-87311-715-7,RStudioではじめるRプログラミング入門,"2,246",2015/03,
978-4-87311-714-0,グラフデータベース,"2,592",2015/03,
978-4-87311-720-1,作ることで学ぶ,"2,592",2015/03,
978-4-87311-712-6,コンピュータシステムの理論と実装,"3,110",2015/03,
978-4-87311-716-4,Google BigQuery,"3,974",2015/03,
978-4-87311-713-3,Bluetooth Low Energyをはじめよう,"1,987",2015/02,
978-4-87311-703-4,モバイルデザインパターン 第2版,"3,197",2015/02,
978-4-87311-711-9,Lean Analytics,"2,851",2015/01,
978-4-87311-710-2,統計クイックリファレンス 第2版,"3,197",2015/01,
978-4-87311-699-0,Android KitKat Hacks,"2,246",2015/01,
978-4-87311-709-6,Serverspec,"2,419",2015/01,
978-4-87311-705-8,詳解 Tomcat,"3,974",2014/12,
978-4-87311-708-9,デザイニング・マルチデバイス・エクスペリエンス,"2,938",2014/12,
978-4-87311-675-4,詳解 iOS SDK 第4版,"3,974",2014/12,
978-4-87311-707-2,実践 遺伝的アルゴリズム,"1,944",2014/12,
978-4-87311-706-5,WordPressによるWebアプリケーション開発,"3,283",2014/11,
978-4-87311-686-0,Web API: The Good Parts,"1,901",2014/11,
978-4-87311-698-3,実践 機械学習システム,"2,765",2014/10,
978-4-87311-701-0,データサイエンス講義,"2,592",2014/10,
978-4-87311-704-1,Javaによる関数型プログラミング,"2,246",2014/10,
978-4-87311-696-9,Intel Galileoをはじめよう,"1,987",2014/10,
978-4-87311-693-8,ZooKeeperによる分散システム管理,"2,592",2014/10,
978-4-87311-697-6,アンダースタンディング コンピュテーション,"2,765",2014/09,
978-4-87311-695-2,実践 Selenium WebDriver,"2,592",2014/09,
978-4-87311-688-4,Python文法詳解,"2,765",2014/09,
978-4-87311-692-1,モダンWeb,"2,592",2014/09,
978-4-87311-694-5,Think Bayes,"2,074",2014/09,
978-4-87311-682-2,おもしろいゲームシナリオの作り方,"3,110",2014/08,
978-4-87311-689-1,Haskellによる並列・並行プログラミング,"3,110",2014/08,
978-4-87311-684-6,エンジニアのためのフィードバック制御入門,"2,765",2014/07,
978-4-87311-680-8,Makerムーブメント宣言,"1,901",2014/07,
978-4-87311-687-7,プログラミング HTML5 Canvas,"3,283",2014/07,
978-4-87311-685-3,戦略的データサイエンス入門,"2,419",2014/07,
978-4-87311-679-2,入門 ソーシャルデータ 第2版,"3,110",2014/06,
978-4-87311-674-7,入門 iOS SDK,"2,592",2014/06,
978-4-87311-681-5,オブジェクト指向JavaScriptの原則,"2,074",2014/06,
978-4-87311-673-0,シングルページWebアプリケーション,"3,283",2014/05,
978-4-87311-683-9,word2vecによる自然言語処理,"1,512",2014/05,
978-4-87311-676-1,ハイパフォーマンス ブラウザネットワーキング,"3,456",2014/05,
978-4-87311-669-3,アルゴリズムパズル,"2,592",2014/04,
978-4-87311-632-7,3D Printing Handbook,"1,901",2014/04,
978-4-87311-671-6,アジャイルデータサイエンス,"2,246",2014/04,
978-4-87311-670-9,実践 Android Developer Tools,"2,246",2014/04,
978-4-87311-667-9,AngularJSアプリケーション開発ガイド,"2,074",2014/04,
978-4-87311-672-3,Cloudera Impala,0,2014/03,
978-4-87311-668-6,プログラミングPHP 第3版,"3,283",2014/03,
978-4-87311-664-8,入門 Webゲーム開発,"2,765",2014/03,
978-4-87311-659-4,マイクロインタラクション,"2,074",2014/03,
978-4-87311-662-4,Apache Sqoop クックブック,"1,404",2014/03,
978-4-87311-665-5,実践 Vagrant,"2,246",2014/02,
978-4-87311-646-4,インタラクティブ・データビジュアライゼーション,"2,419",2014/02,
978-4-87311-658-7,Backbone.jsアプリケーション開発ガイド,"2,938",2014/02,
978-4-87311-651-8,Rクイックリファレンス 第2版,"3,629",2014/01,
978-4-87311-663-1,JavaMail API,"1,836",2014/01,
978-4-87311-660-0,JavaScriptで学ぶ関数型プログラミング,"2,592",2014/01,
978-4-87311-657-0,説得とヤル気の科学,"1,901",2014/01,
978-4-87311-656-3,詳説 Cポインタ,"1,901",2013/12,
978-4-87311-653-2,Rグラフィックスクックブック,"2,938",2013/11,
978-4-87311-624-2,NFC Hacks,"2,765",2013/11,
978-4-87311-650-1,プログラミングC# 第7版,"4,147",2013/11,
978-4-87311-652-5,Hadoopオペレーション,"2,765",2013/11,
978-4-87311-638-9,実践ハイパフォーマンスMySQL 第3版,"4,147",2013/11,
978-4-87311-643-3,PHP開発者のためのJavaScript,"2,052",2013/11,
978-4-87311-647-1,HTML5 Hacks,"2,765",2013/10,
978-4-87311-645-7,マスタリングNginx,"2,592",2013/10,
978-4-87311-644-0,入門 Unix for OS X 第5版,"2,074",2013/10,
978-4-87311-636-5,ギークマム,"1,901",2013/10,
978-4-87311-642-6,イーサネットスイッチ,"1,404",2013/10,
978-4-87311-649-5,入門 Kindle Fireのアプリ内課金,"1,296",2013/10,
978-4-87311-641-9,Web Audio API,"1,404",2013/09,
978-4-87311-640-2,バッドデータハンドブック,"2,419",2013/09,
978-4-87311-635-8,テスタブルJavaScript,"2,592",2013/09,
978-4-87311-634-1,入門 データ構造とアルゴリズム,"3,283",2013/08,
978-4-87311-622-8,ゲームクリエイターが知るべき97のこと 2,"1,642",2013/08,
978-4-87311-613-6,ビッグデータとプライバシー,"1,944",2013/08,
978-4-87311-633-4,初めてのPHP、MySQL、JavaScript＆CSS 第2版,"3,110",2013/08,
978-4-87311-628-0,続・初めてのPerl 改訂第2版,"3,110",2013/08,
978-4-87311-620-4,「タッチパネル」のゲームデザイン,"2,419",2013/08,
978-4-87311-627-3,バンディットアルゴリズムによる最適化手法,"1,404",2013/07,
978-4-87311-629-7,Hadoop 第3版,"4,147",2013/07,
978-4-87311-619-8,コネクト,"1,901",2013/07,
978-4-87311-630-3,Team Geek,"1,901",2013/07,
978-4-87311-625-9,XML & InDesign,"2,052",2013/06,
978-4-87311-626-6,CSS3の値、単位、色,756,2013/06,
978-4-87311-621-1,開眼！ JavaScript,"1,901",2013/06,
978-4-87311-617-4,プログラミング Hive,"3,283",2013/06,
978-4-87311-552-8,EPUB 3とは何か？,0,2013/06,
978-4-87311-616-7,実践 Fiddler,"2,765",2013/05,
978-4-87311-578-8,入門 Androidアプリケーションテスト,"2,765",2013/05,
978-4-87311-618-1,JavaScriptデザインパターン,"2,419",2013/05,
978-4-87311-612-9,入門 ClojureScript,"1,944",2013/05,
978-4-87311-603-7,セレクタ、詳細度、カスケード,"1,404",2013/04,
978-4-87311-615-0,RとRubyによるデータ解析入門,"2,419",2013/04,
978-4-87311-614-3,テスト駆動開発による組み込みプログラミング,"3,110",2013/04,
978-4-87311-608-2,インタフェースデザインの実践教室,"2,592",2013/04,
978-4-87311-602-0,例題で学ぶ微分方程式,"1,404",2013/04,
978-4-87311-609-9,Head First C,"3,110",2013/04,
978-4-87311-601-3,Stormをはじめよう,"1,728",2013/03,
978-4-87311-604-4,C#での非同期処理,"1,944",2013/03,
978-4-87311-611-2,Making Things See,"3,110",2013/03,
978-4-87311-607-5,実践 コンピュータビジョン,"2,592",2013/03,
978-4-87311-610-5,メンテナブルJavaScript,"2,246",2013/03,
978-4-87311-587-0,Land of Lisp,"3,283",2013/02,
978-4-87311-606-8,Nodeクックブック,"2,938",2013/02,
978-4-87311-605-1,入門 モダンJavaScript,"2,592",2013/02,
978-4-87311-599-3,アクセシビリティハンドブック,"1,620",2013/02,
978-4-87311-600-6,ビッグデータの倫理,"1,404",2013/02,
978-4-87311-589-4,SQLアンチパターン,"2,765",2013/01,
978-4-87311-595-5,Handmade Electronic Music,"2,938",2013/01,
978-4-87311-596-2,Web Workers,"1,296",2013/01,
978-4-87311-598-6,Couchbase Serverをはじめよう,"1,512",2013/01,
978-4-87311-592-4,実践 jQuery Mobile,"2,246",2013/01,
978-4-87311-594-8,入門 機械学習,"2,765",2012/12,
978-4-87311-591-7,Running Lean,"1,901",2012/12,
978-4-87311-576-4,概説Tornado,"2,052",2012/12,
978-4-87311-597-9,D3をはじめよう,"1,404",2012/12,
978-4-87311-590-0,MongoDBイン・アクション,"2,938",2012/12,
978-4-87311-585-6,Linuxプログラミングインタフェース,"6,566",2012/12,
978-4-87311-588-7,Fab,"1,987",2012/12,
978-4-87311-574-0,Windows 8スタイルアプリをはじめよう,"1,296",2012/11,
978-4-87311-570-2,ゲームクリエイターが知るべき97のこと,"1,642",2012/11,
978-4-87311-584-9,Mahoutイン・アクション,"3,456",2012/10,
978-4-87311-582-5,カンフーマック,"2,419",2012/10,
978-4-87311-548-1,実践 スマートフォンアプリケーション開発,"3,283",2012/10,
978-4-87311-583-2,初めてのiOSプログラミング 第2版,"2,765",2012/10,
978-4-87311-577-1,Spring Integration,"1,620",2012/10,
978-4-87311-558-0,OAuth 2.0をはじめよう,"1,404",2012/10,
978-4-87311-586-3,MySQLトラブルシューティング,"2,419",2012/10,
978-4-87311-579-5,アート・オブ・Rプログラミング,"2,765",2012/09,
978-4-87311-559-7,入門 Sinatra,"1,836",2012/09,
978-4-87311-581-8,Amazon Web Servicesプログラミング,"2,765",2012/09,
978-4-87311-560-3,初めてのHTML5ゲームプログラミング,"1,728",2012/09,
978-4-87311-561-0,iOSプログラミング ビルド＆リリース,"1,728",2012/08,
978-4-87311-562-7,DNS & BIND on IPv6,"1,296",2012/08,
978-4-87311-571-9,プログラマのためのサバイバルマニュアル,"1,901",2012/08,
978-4-87311-563-4,「レベルアップ」のゲームデザイン,"3,110",2012/08,
978-4-87311-573-3,JavaScript 第6版,"3,629",2012/08,
978-4-87311-553-5,JavaScriptリファレンス 第6版,"2,419",2012/08,
978-4-87311-566-5,HBase,"3,629",2012/07,
978-4-87311-551-1,MongoDB & PHP,"1,404",2012/07,
978-4-87311-543-6,Python & AWS クックブック,"1,620",2012/07,
978-4-87311-557-3,インタフェースデザインの心理学,"2,419",2012/07,
978-4-87311-564-1,感じて理解する数学入門,"1,620",2012/06,
978-4-87311-565-8,リーダブルコード,"2,074",2012/06,
978-4-87311-547-4,HTML5クックブック,"2,419",2012/06,
978-4-87311-540-5,Java開発者のための関数プログラミング ,"1,404",2012/06,
978-4-87311-542-9,デザイニング・データビジュアライゼーション,"1,728",2012/06,
978-4-87311-555-9,FabLife,"1,901",2012/06,
978-4-87311-554-2,ステートフルJavaScript,"2,419",2012/06,
978-4-87311-550-4,オープンソースで学ぶ社会ネットワーク分析,"1,944",2012/05,
978-4-87311-544-3,MongoDB & Python,"1,404",2012/05,
978-4-87311-549-8,PDF構造解説,"1,901",2012/05,
978-4-87311-538-2,実践 Metasploit,"3,283",2012/05,
978-4-87311-507-8,実践 Qt 4プログラミング,"3,629",2012/04,
978-4-87311-546-7,Hadoop Hacks,"3,110",2012/04,
978-4-87311-539-9,HTML5 ファイルシステムAPI,"1,404",2012/04,
978-4-87311-524-5,jQueryデスクトップリファレンス ,"1,404",2012/04,
978-4-87311-528-3,JavaScriptグラフィックス,"2,419",2012/03,
978-4-87311-545-0,モバイルAIRによるクロスプラットフォームアプリケーション開発,"1,944",2012/03,
978-4-87311-520-7,vi & Vim デスクトップリファレンス 第2版,"1,404",2012/03,
978-4-87311-523-8,HTML5 ジオロケーション,"1,728",2012/03,
978-4-87311-534-4,Jenkins,"3,110",2012/02,
978-4-87311-535-1,プログラミングAndroid,"2,938",2012/02,
978-4-87311-519-1,IPv6アプリケーション適応ガイド,"1,296",2012/02,
978-4-87311-525-2,HTML5 Canvasデスクトップリファレンス,"1,404",2012/02,
978-4-87311-527-6,HTML5 Canvas,"2,765",2012/01,
978-4-87311-522-1,スケーリングMongoDB,"1,404",2012/01,
978-4-87311-521-4,マネージャーのための仮想化ガイド,"1,404",2012/01,
978-4-87311-518-4,Flex 4.5によるAndroidアプリケーション開発,"1,620",2012/01,
978-4-87311-531-3,デザイニング・インターフェース 第2版,"3,974",2011/12,
978-4-87311-529-0,Cassandra,"2,938",2011/12,
978-4-87311-532-0,言語実装パターン,"3,110",2011/12,
978-4-87311-526-9,jQuery Mobile,"1,642",2011/12,
978-4-87311-533-7,Rクックブック,"2,419",2011/12,
978-4-87311-530-6,XBeeで作るワイヤレスセンサーネットワーク,"2,765",2011/12,
978-4-87311-510-8,プロジェクト・マネジャーが知るべき97のこと,"1,642",2011/11,
978-4-87311-504-7,ビューティフルビジュアライゼーション,"3,283",2011/10,
978-4-87311-497-2,Firefox Hacks Rebooted,"2,938",2011/10,
978-4-87311-514-6,Hacking：美しき策謀 第2版,"3,629",2011/10,
978-4-87311-512-2,Hadoop MapReduce デザインパターン,"2,419",2011/10,
978-4-87311-511-5,Making Software,"3,283",2011/09,
978-4-87311-506-1,Unityによる3Dゲーム開発入門,"2,938",2011/09,
978-4-87311-508-5,Enterprise JavaBeans 3.1 第6版,"3,629",2011/08,
978-4-87311-505-4,ゲームストーミング,"2,246",2011/08,
978-4-87311-501-6,Linuxカーネル Hacks,"3,456",2011/07,
978-4-87311-496-5,初めてのOpenGL ES,"2,419",2011/07,
978-4-87311-500-9,Made by Hand,"1,901",2011/06,
978-4-87311-499-6,Being Geek,"1,987",2011/06,
978-4-87311-502-3,iPhoneアプリ設計の極意,"2,938",2011/06,
978-4-87311-495-8,アート・オブ・コミュニティ,"2,419",2011/05,
978-4-87311-498-9,子どもが体験するべき50の危険なこと,"1,728",2011/05,
978-4-87311-493-4,ウェブオペレーション,"2,246",2011/05,
978-4-87311-482-8,入門 HTML5,"1,987",2011/04,
978-4-87311-494-1,JavaScriptクックブック,"3,283",2011/04,
978-4-87311-492-7,大規模Webアプリケーション開発入門,"2,419",2011/03,
978-4-87311-490-3,ハイパフォーマンスJavaScript,"2,419",2011/03,
978-4-87311-484-2,iPhone 3Dプログラミング,"3,283",2011/03,
978-4-87311-480-4,プログラミング Windows Azure,"3,110",2011/02,
978-4-87311-489-7,ビューティフルデータ,"2,938",2011/02,
978-4-87311-486-6,Androidアプリケーション開発ガイド,"1,642",2011/02,
978-4-87311-487-3,Java: The Good Parts,"1,901",2011/02,
978-4-87311-488-0,JavaScriptパターン,"2,419",2011/02,
978-4-87311-475-0,プログラミングGoogle App Engine,"2,938",2011/01,
978-4-87311-481-1,プログラミングScala,"3,283",2011/01,
978-4-87311-405-7,エレガントな問題解決,"2,765",2010/12,
978-4-87311-455-2,アナライジング・マルウェア,"2,592",2010/12,
978-4-87311-479-8,プログラマが知るべき97のこと,"1,642",2010/12,
978-4-87311-478-1,PHP: The Good Parts,"1,555",2010/12,
978-4-87311-477-4,Make: Electronics,"2,592",2010/11,
978-4-87311-476-7,検索と発見のためのデザイン,"2,074",2010/11,
978-4-87311-470-5,入門 自然言語処理,"3,283",2010/11,
978-4-87311-474-3,ビューティフルテスティング,"2,765",2010/10,
978-4-87311-472-9,iOS SDK Hacks,"2,074",2010/10,
978-4-87311-471-2,言語設計者たちが考えること,"3,110",2010/09,
978-4-87311-469-9,初めてのプログラミング 第2版,"1,728",2010/09,
978-4-87311-462-0,iPhone/iPadゲーム開発ガイド,"2,419",2010/09,
978-4-87311-466-8,プログラミングF#,"3,110",2010/08,
978-4-87311-467-5,JavaによるRESTfulシステム構築,"2,765",2010/08,
978-4-87311-468-2,jQueryクックブック,"3,110",2010/08,
978-4-87311-461-3,iPhoneアプリケーション開発ガイド,"1,642",2010/08,
978-4-87311-465-1,Erlangプログラミング,"3,110",2010/07,
978-4-87311-463-7,初めてのコンピュータサイエンス,"2,074",2010/07,
978-4-87311-464-4,Head Firstデータ解析,"2,765",2010/07,
978-4-87311-460-6,アプレンティスシップ・パターン,"1,901",2010/07,
978-4-87311-459-0,ビューティフルセキュリティ,"2,419",2010/06,
978-4-87311-452-1,セマンティックWeb プログラミング,"2,765",2010/06,
978-4-87311-458-3,クラウド セキュリティ & プライバシー,"2,938",2010/06,
978-4-87311-449-1,デコンパイリングJava,"2,938",2010/06,
978-4-87311-448-4,リバースエンジニアリング,"2,765",2010/05,
978-4-87311-451-4,セキュリティの神話,"1,901",2010/04,
978-4-87311-447-7,マスタリングXMPP,"2,765",2010/04,
978-4-87311-450-7,正規表現クックブック,"3,629",2010/04,
978-4-87311-446-0,続・ハイパフォーマンスWebサイト,"2,419",2010/04,
978-4-87311-445-3,Rubyベストプラクティス,"2,765",2010/03,
978-4-87311-444-6,Head First PHP & MySQL,"3,629",2010/03,
978-4-87311-443-9,Head Firstネットワーク,"2,765",2010/02,
978-4-87311-440-8,実用Git,"2,419",2010/02,
978-4-87311-437-8,詳解 ActionScript 3.0アニメーション,"3,283",2010/01,
978-4-87311-438-5,Head First Rails,"3,283",2010/01,
978-4-87311-434-7,デザイニング・ウェブインターフェース,"3,283",2009/12,
978-4-87311-435-4,並行コンピューティング技法,"2,765",2009/12,
978-4-87311-431-6,オプティマイジングWebサイト,"3,110",2009/12,
978-4-87311-432-3,ウェブアプリケーションのためのユニバーサルデザイン,"2,246",2009/12,
978-4-87311-430-9,ビューティフルアーキテクチャ,"2,592",2009/11,
978-4-87311-423-1,Real World Haskell,"3,283",2009/10,
978-4-87311-422-4,組み込みLinuxシステム構築 第2版,"3,802",2009/10,
978-4-87311-429-3,ソフトウェアアーキテクトが知るべき97のこと,"1,642",2009/10,
978-4-87311-419-4,Silverlightで開発するデータ駆動アプリケーション,"2,938",2009/09,
978-4-87311-417-0,iPhone SDK アプリケーション開発ガイド,"2,938",2009/09,
978-4-87311-420-0,Head First Statistics,"2,765",2009/08,
978-4-87311-414-9,実用 Subversion 第2版,"2,938",2009/07,
978-4-87311-412-5,オープンソースソフトウェアの育て方,"2,419",2009/07,
978-4-87311-416-3,エンタープライズ Rails,"2,765",2009/07,
978-4-87311-406-4,実践 デバッグ技法,"2,419",2009/06,
978-4-87311-410-1,デザイニング・ウェブナビゲーション,"3,456",2009/05,
978-4-87311-404-0,Debug Hacks,"2,765",2009/04,
978-4-87311-403-3,リファクタリング・ウェットウェア,"2,419",2009/04,
978-4-87311-402-6,プロダクティブ・プログラマ,"2,246",2009/04,
978-4-87311-397-5,マスタリングPerl,"3,110",2009/03,
978-4-87311-399-9,キャパシティプランニング,"2,074",2009/03,
978-4-87311-400-2,Railsデプロイ,"2,419",2009/03,
978-4-87311-393-7,初めてのPython 第3版,"3,974",2009/02,
978-4-87311-395-1,アート・オブ・アジャイル デベロップメント,"3,110",2009/02,
978-4-87311-394-4,プログラミング言語 Ruby,"3,283",2009/01,
978-4-87311-392-0,Head Firstソフトウェア開発,"3,110",2009/01,
978-4-87311-389-0,ThoughtWorksアンソロジー,"2,246",2008/12,
978-4-87311-391-3,JavaScript: The Good Parts,"1,555",2008/12,
978-4-87311-390-6,DNS & BIND 第5版,"4,147",2008/12,
978-4-87311-388-3,Tomcatハンドブック 第2版,"4,061",2008/11,
978-4-87311-384-5,Making Things Talk,"3,283",2008/11,
978-4-87311-386-9,実践 Rails,"2,592",2008/10,
978-4-87311-385-2,Subject To Change,"1,555",2008/10,
978-4-87311-382-1,Windows PowerShellクックブック,"3,456",2008/10,
978-4-87311-383-8,Head First C#,"3,629",2008/10,
978-4-87311-376-0,bashクックブック,"3,629",2008/09,
978-4-87311-381-4,Apacheクックブック 第2版,"2,765",2008/09,
978-4-87311-374-6,C#クックブック 第3版,"3,974",2008/08,
978-4-87311-373-9,Head First JavaScript,"3,456",2008/08,
978-4-87311-372-2,Prototype & script.aculo.us,"2,765",2008/07,
978-4-87311-367-8,初めてのRuby,"1,901",2008/06,
978-4-87311-370-8,JavaScript & DHTMLクックブック 第2版,"3,629",2008/06,
978-4-87311-369-2,Head First SQL,"3,629",2008/06,
978-4-87311-365-4,初めてのPHP & MySQL 第2版,"2,938",2008/05,
978-4-87311-366-1,インターフェイス指向設計,"2,246",2008/05,
978-4-87311-359-3,詳説 正規表現 第3版,"4,147",2008/04,
978-4-87311-363-0,ビューティフルコード,"3,283",2008/04,
978-4-87311-362-3,Linuxシステムプログラミング,"3,110",2008/04,
978-4-87311-361-6,ハイパフォーマンスWebサイト,"1,555",2008/04,
978-4-87311-348-7,プログラミングGauche,"2,765",2008/03,
978-4-87311-356-2,Rubyスクリプティングテクニック,"2,160",2008/02,
978-4-87311-355-5,インテル スレッディング・ビルディング・ブロック,"3,024",2008/02,
978-4-87311-358-6,Ajaxアプリケーション & Webセキュリティ,"2,246",2008/02,
978-4-87311-354-8,ネットワークウォリア,"4,147",2007/12,
978-4-87311-353-1,RESTful Webサービス,"3,283",2007/12,
978-4-87311-349-4,Head Firstオブジェクト指向分析設計,"3,456",2007/12,
978-4-87311-334-0,エンタープライズSOA,"4,320",2007/12,
978-4-87311-344-9,入門 Qt 4プログラミング,"3,283",2007/11,
978-4-87311-343-2,詳解 MySQL,"2,765",2007/11,
978-4-87311-346-3,Linuxシステム管理,"2,419",2007/11,
978-4-87311-341-8,Google Maps Hacks 第2版,"2,506",2007/10,
978-4-87311-336-4,アート・オブ・SQL,"2,765",2007/09,
978-4-87311-337-1,Mind パフォーマンス Hacks,"2,419",2007/08,
978-4-87311-333-3,Ajax & Java,"2,074",2007/08,
978-4-87311-331-9,SQL Hacks,"2,592",2007/07,
978-4-87311-332-6,Ajax on Rails,"2,419",2007/07,
978-4-87311-330-2,Linuxカーネル クイックリファレンス,"2,074",2007/07,
978-4-87311-276-3,Python クックブック 第2版,"3,629",2007/06,
978-4-87311-326-5,CとGNU開発ツールによる組み込みシステムプログラミング 第2版,"2,765",2007/06,
978-4-87311-328-9,IPv6 エッセンシャルズ 第2版,"3,110",2007/06,
978-4-87311-327-2,ネットワークセキュリティHacks 第2版,"2,765",2007/06,
978-4-87311-323-4,Ajaxデザインパターン,"4,147",2007/05,
978-4-87311-324-1,Rubyクックブック,"3,370",2007/04,
978-4-87311-321-0,Google Hacks 第3版,"2,765",2007/04,
978-4-87311-277-0,入門 GNU Emacs 第3版,"3,283",2007/03,
978-4-87311-313-5,詳解 Linuxカーネル 第3版,"5,702",2007/02,
978-4-87311-317-3,入門 UML 2.0,"2,419",2007/02,
978-4-87311-315-9,SQLクックブック,"3,283",2007/01,
4-87311-310-5,Head Rush Ajax,"2,938",2006/12,
4-87311-311-3,スケーラブルWebサイト,"2,938",2006/12,
4-87311-312-1,Railsレシピ,"2,419",2006/12,
4-87311-288-5,Binary Hacks,"2,765",2006/11,
4-87311-302-4,Web解析Hacks,"3,024",2006/11,
4-87311-309-1,WSHクイックリファレンス 第2版,"3,283",2006/10,
4-87311-306-7,Linuxサーバ Hacks 2,"2,765",2006/10,
4-87311-307-5,エンジニアのための時間管理術,"1,987",2006/10,
4-87311-303-2,C++クックブック,"3,715",2006/09,
4-87311-300-8,Perlベストプラクティス,"3,715",2006/08,
4-87311-294-X,初めてのC# 第2版,"2,419",2006/08,
4-87311-291-5,PHP Hacks,"3,110",2006/06,
4-87311-284-2,UML 2.0クイックリファレンス,"2,160",2006/06,
4-87311-289-3,Asterisk,"3,283",2006/06,
4-87311-290-7,詳説 ビジネスプロセスモデリング,"2,765",2006/06,
4-87311-282-6,入門 Webマッピング,"2,938",2006/05,
4-87311-285-0,Windowsサーバークックブック,"3,802",2006/05,
4-87311-286-9,入門 PHPセキュリティ,"1,555",2006/05,
4-87311-281-8,初めてのSQL,"2,074",2006/04,
4-87311-283-4,アンビエント・ファインダビリティ,"1,642",2006/04,
4-87311-279-6,Head First Java 第2版,"3,456",2006/03,
4-87311-270-2,Maven,"2,074",2006/02,
4-87311-275-3,データベース実践講義,"2,765",2006/02,
4-87311-273-7,Jakarta Strutsクックブック,"2,938",2006/01,
4-87311-272-9,プレファクタリング,"2,419",2006/01,
4-87311-266-4,Podcasting Hacks,"2,419",2005/12,
4-87311-269-9,GNU Make 第3版,"2,419",2005/12,
4-87311-254-0,入門 bash 第3版,"2,419",2005/10,
4-87311-253-2,Linuxデバイスドライバ 第3版,"4,752",2005/10,
4-87311-256-7,Apacheセキュリティ,"3,110",2005/10,
4-87311-251-6,Linuxデスクトップ Hacks ,"2,765",2005/09,
4-87311-252-4,MySQLクイックリファレンス,"2,765",2005/09,
4-87311-246-X,GDBハンドブック,"1,037",2005/09,
4-87311-237-0,Linuxハンドブック,"1,382",2005/08,
4-87311-238-9,Word Hacks,"2,074",2005/07,
4-87311-235-4,Flash Hacks,"3,110",2005/07,
4-87311-232-X,CSS完全ガイド 第2版,"3,283",2005/06,
4-87311-228-1,Knoppix Hacks,"2,419",2005/06,
4-87311-226-5,Windowsサーバー Hacks,"2,765",2005/05,
4-87311-222-2,PDF Hacks,"2,074",2005/03,
4-87311-215-X,Hibernate,"2,074",2004/12,
4-87311-197-8,JavaServer Faces完全ガイド,"4,234",2004/08,
4-87311-171-4,Excelポケットガイド,864,2004/02,
4-87311-147-1,RADIUS,"2,765",2003/12,
4-87311-154-4,UMLデスクトップリファレンス,"1,037",2003/10,
4-87311-099-8,SAN & NAS ストレージネットワーク管理,"2,938",2002/10,
4-87311-078-5,NFS & NIS 第2版,"4,147",2002/04,
4-87311-079-3,不正アクセス調査ガイド,"2,938",2002/04,
4-87311-063-7,C++プログラミング入門 新版,"2,419",2001/11,
4-87311-061-0,Javaネットワークプログラミング 第2版,"5,011",2001/10,
